{
    "src/addons/MS/DarkMode/addon.json": "16ddb30dd68a399a5111f59a7e5ffd2e1c57244f0d3d374dfe1e1e954465203b",
    "src/addons/MS/DarkMode/ms.png": "7c014cdb305fe602776a481c18efbebd986737965cda2f88a1d63f9be510fe0b",
    "src/addons/MS/DarkMode/README.md": "936d5c06bb8ef3f810496167b2634606316e3dde1568f4d93f5b6b79f3e68bb1",
    "src/addons/MS/DarkMode/Setup.php": "aa5d69095ac1cc2c3d3bcebdbabc6fd0a9285c9eabd3ec9720c0f4c57b5a2053",
    "src/addons/MS/DarkMode/_data/activity_summary_definitions.xml": "99d8c2563a31320d66f958fc8bda78613545f5f7959bb3cf5318805e3a3c39d2",
    "src/addons/MS/DarkMode/_data/admin_navigation.xml": "064ec797484ac00d5ee37367b50b06846d11f480d00550997712707f8fdac8c0",
    "src/addons/MS/DarkMode/_data/admin_permission.xml": "ec6fb97cebf0bceb24f1ed1d5778c1db54eeb7535fbb3e31d824840e7aa9ff87",
    "src/addons/MS/DarkMode/_data/advertising_positions.xml": "d2f7cbe844bb1df3cf878d22ff6306249245c8ff6b0b87b9b729744bec538261",
    "src/addons/MS/DarkMode/_data/api_scopes.xml": "6793eaf758f140e8137187ba20e65f4faccf53410433ae3ad7a8b3b38cb6b3b7",
    "src/addons/MS/DarkMode/_data/bb_codes.xml": "faa4ddd5f4a365e5ac39aebdcbe2d25aedf74e7eb9ea4a812766e2fd5e13bdb1",
    "src/addons/MS/DarkMode/_data/bb_code_media_sites.xml": "29762987990187b33e43cfb68c08dc917b2d3f0176613d78f8e6c453f82da3f3",
    "src/addons/MS/DarkMode/_data/class_extensions.xml": "1f548b8006e9952a3f5889f71e09fdfa6726ac1a47c1af7b2626d1a88920d5a4",
    "src/addons/MS/DarkMode/_data/code_events.xml": "8370dec3df47f91df4cf79da253446ad11b29f4ea568fe76c774e97a0379f0eb",
    "src/addons/MS/DarkMode/_data/code_event_listeners.xml": "d6b5072f4909dee7a20ee9e44b163f95c8aa52e6ac7f573e292000cd9238c331",
    "src/addons/MS/DarkMode/_data/content_type_fields.xml": "c7ad5472b28f465b7ac7617627707eba1b7a39d28089460d52e1ed292fc0b06a",
    "src/addons/MS/DarkMode/_data/cron.xml": "323c4284742ef24329cd6db6f288eb9736d2353f36852e1db12591e1583aea26",
    "src/addons/MS/DarkMode/_data/help_pages.xml": "a8a0c0b06cdc550438bc8a8d385af3e1e5ab3459877dfb934c1c31be59c89163",
    "src/addons/MS/DarkMode/_data/member_stats.xml": "89fb2b93ff1eca7a1f6f752248edf6090dfd24037db1446fd18ff7143f08124d",
    "src/addons/MS/DarkMode/_data/navigation.xml": "f75e1c03a45a360bbdfcd0567121665082315068475d5b0feb8b1acbb1688651",
    "src/addons/MS/DarkMode/_data/options.xml": "1cea29aa5671733d85c8fc6f7c66128eacbca5643cbb38585eb82002879b51a4",
    "src/addons/MS/DarkMode/_data/option_groups.xml": "154d7a89664b243d0bd8227c22e241f934bf7e196c83230ee23d3c0c4fba1333",
    "src/addons/MS/DarkMode/_data/permissions.xml": "7e4fc7d5826733d15ea2d8936b9bdd41afcaad810eb38e50da3c8d8eafda1550",
    "src/addons/MS/DarkMode/_data/permission_interface_groups.xml": "3177224e96458b829aa7fb24866dda9e0455a4922aee3d669b53f59a1ffdf5d1",
    "src/addons/MS/DarkMode/_data/phrases.xml": "e881035b987c5089a6156ad9d0395bea04353fc7384871df2be080d98e3d2765",
    "src/addons/MS/DarkMode/_data/routes.xml": "550fa64f9feedf137dd877b38c2684f94474619d2d83890dbb717a91b50da8f5",
    "src/addons/MS/DarkMode/_data/style_properties.xml": "3af263cb7f2a3f3fd79a0f11ffa31f9b97178f54542ebd36ecf9a4d8a06684d3",
    "src/addons/MS/DarkMode/_data/style_property_groups.xml": "e32c4359c1948cdefb2b6a1a8d83419100d4806864a71e895a748eb351e379aa",
    "src/addons/MS/DarkMode/_data/templates.xml": "9ba88d81ec91a3de374e048c9914be8d431595d9a806aa5fd5b93f959e517d72",
    "src/addons/MS/DarkMode/_data/template_modifications.xml": "05cb5ded20f95146d91fa0210b8f8c71c3cd984a1110a97cfbafdb20def47254",
    "src/addons/MS/DarkMode/_data/widget_definitions.xml": "37e46965256430f24004c2e7f08ba08f9b0d1cbcc4d70e84b3f4e3ffb713e64b",
    "src/addons/MS/DarkMode/_data/widget_positions.xml": "a29cee66134f6bc5d75ed9df1eef21096c24401915c5b5c774389c3d7bb2d5b3"
}