<?xml version="1.0" encoding="utf-8"?>
<phrases>
  <phrase title="style_prop.darkBorder" version_id="1000900" version_string="1.0.9"><![CDATA[Sınır Rengi]]></phrase>
  <phrase title="style_prop.darkBordertwo" version_id="1000900" version_string="1.0.9"><![CDATA[Aktif Rengi]]></phrase>
  <phrase title="style_prop.darkThemeOn" version_id="1000900" version_string="1.0.9"><![CDATA[Koyu Tema Aktif]]></phrase>
  <phrase title="style_prop.darkbackground" version_id="1010000" version_string="1.1.0"><![CDATA[Arkaplan Rengi]]></phrase>
  <phrase title="style_prop.darkbackgroundtree" version_id="1000900" version_string="1.0.9"><![CDATA[Vurgulanmış İçerik Arkaplan Rengi]]></phrase>
  <phrase title="style_prop.darkbackgroundtwo" version_id="1000900" version_string="1.0.9"><![CDATA[Tüm İçerik Arkaplan Rengi]]></phrase>
  <phrase title="style_prop.darkbbCodeBlock" version_id="1000800" version_string="1.0.8"><![CDATA[BB code blocks]]></phrase>
  <phrase title="style_prop.darkbbCodeBlockTitle" version_id="1000800" version_string="1.0.8"><![CDATA[BB code blocks - title]]></phrase>
  <phrase title="style_prop.darkblockFilterBar" version_id="1000600" version_string="1.0.6"><![CDATA[Block filter bar]]></phrase>
  <phrase title="style_prop.darkblockLinkSelected" version_id="1000600" version_string="1.0.6"><![CDATA[Block link - selected]]></phrase>
  <phrase title="style_prop.darkblockTabHeader" version_id="1000500" version_string="1.0.5"><![CDATA[Block tab header]]></phrase>
  <phrase title="style_prop.darkblockborderframwork" version_id="1000400" version_string="1.0.4"><![CDATA[Block border framework]]></phrase>
  <phrase title="style_prop.darkblockcontent" version_id="1000400" version_string="1.0.4"><![CDATA[Block content]]></phrase>
  <phrase title="style_prop.darkblockfooter" version_id="1000400" version_string="1.0.4"><![CDATA[Block footer]]></phrase>
  <phrase title="style_prop.darkblockheader" version_id="1000400" version_string="1.0.4"><![CDATA[Block header]]></phrase>
  <phrase title="style_prop.darkcolor1" version_id="1000900" version_string="1.0.9"><![CDATA[Dark Color 1]]></phrase>
  <phrase title="style_prop.darkcolor2" version_id="1000900" version_string="1.0.9"><![CDATA[Dark Color 2]]></phrase>
  <phrase title="style_prop.darkcolor3" version_id="1000900" version_string="1.0.9"><![CDATA[Dark Color 3]]></phrase>
  <phrase title="style_prop.darkcolor4" version_id="1000900" version_string="1.0.9"><![CDATA[Dark Color 4]]></phrase>
  <phrase title="style_prop.darkcolor5" version_id="1000900" version_string="1.0.9"><![CDATA[Dark Color 5]]></phrase>
  <phrase title="style_prop.darkcontentBase" version_id="1000600" version_string="1.0.6"><![CDATA[Content area base]]></phrase>
  <phrase title="style_prop.darkfooter" version_id="1000400" version_string="1.0.4"><![CDATA[Footer]]></phrase>
  <phrase title="style_prop.darkformLabel" version_id="1000400" version_string="1.0.4"><![CDATA[Form label column]]></phrase>
  <phrase title="style_prop.darkformSubmitRow" version_id="1000700" version_string="1.0.7"><![CDATA[Form submit row]]></phrase>
  <phrase title="style_prop.darkformsectionheader" version_id="1000400" version_string="1.0.4"><![CDATA[Form section header]]></phrase>
  <phrase title="style_prop.darkheaderlogorow" version_id="1000400" version_string="1.0.4"><![CDATA[Header/logo row]]></phrase>
  <phrase title="style_prop.darkinput" version_id="1000500" version_string="1.0.5"><![CDATA[Form input]]></phrase>
  <phrase title="style_prop.darkmemberHeader" version_id="1000600" version_string="1.0.6"><![CDATA[Member profile header]]></phrase>
  <phrase title="style_prop.darkmenu" version_id="1000400" version_string="1.0.4"><![CDATA[Menu]]></phrase>
  <phrase title="style_prop.darkmenuFooter" version_id="1000600" version_string="1.0.6"><![CDATA[Menu footer]]></phrase>
  <phrase title="style_prop.darkmenuLinkRow" version_id="1000400" version_string="1.0.4"><![CDATA[Menu link row]]></phrase>
  <phrase title="style_prop.darkmenuLinkRowSelected" version_id="1000400" version_string="1.0.4"><![CDATA[Menu link row - selected]]></phrase>
  <phrase title="style_prop.darkmenuheader" version_id="1000400" version_string="1.0.4"><![CDATA[Menu header]]></phrase>
  <phrase title="style_prop.darkmenutabheader" version_id="1000400" version_string="1.0.4"><![CDATA[Menu tab header]]></phrase>
  <phrase title="style_prop.darkmessageUserBlock" version_id="1000400" version_string="1.0.4"><![CDATA[Message user info block]]></phrase>
  <phrase title="style_prop.darkminorBlockContent" version_id="1000400" version_string="1.0.4"><![CDATA[Minor internal block content]]></phrase>
  <phrase title="style_prop.darkmodedarkicon" version_id="1000900" version_string="1.0.9"><![CDATA[Dark mode icon]]></phrase>
  <phrase title="style_prop.darkmodelighticon" version_id="1000900" version_string="1.0.9"><![CDATA[Light İcon]]></phrase>
  <phrase title="style_prop.darknavgationrow" version_id="1000400" version_string="1.0.4"><![CDATA[Navigation row]]></phrase>
  <phrase title="style_prop.darknavigationrowselecttab" version_id="1000400" version_string="1.0.4"><![CDATA[Navigation row - selected tab]]></phrase>
  <phrase title="style_prop.darkoverlayHeader" version_id="1000700" version_string="1.0.7"><![CDATA[Overlay header]]></phrase>
  <phrase title="style_prop.darkpageBackground" version_id="1000400" version_string="1.0.4"><![CDATA[Page background]]></phrase>
  <phrase title="style_prop.darkpagenav" version_id="1010000" version_string="1.1.0"><![CDATA[PageNav]]></phrase>
  <phrase title="style_prop.darkpagenavactive" version_id="1010000" version_string="1.1.0"><![CDATA[PageNav - active]]></phrase>
  <phrase title="style_prop.darkpagenavhover" version_id="1010000" version_string="1.1.0"><![CDATA[PageNav - hover]]></phrase>
  <phrase title="style_prop.darkpagenavjump" version_id="1010000" version_string="1.1.0"><![CDATA[PageNav jump]]></phrase>
  <phrase title="style_prop.darkpagenavjumphover" version_id="1010000" version_string="1.1.0"><![CDATA[PageNav jump - hover]]></phrase>
  <phrase title="style_prop.darkpublicHeaderAdjustColor" version_id="1000400" version_string="1.0.4"><![CDATA[Header adjustment color]]></phrase>
  <phrase title="style_prop.darkpublicStaffBar" version_id="1000500" version_string="1.0.5"><![CDATA[Staff tools bar]]></phrase>
  <phrase title="style_prop.darkstandaloneTab" version_id="1000600" version_string="1.0.6"><![CDATA[Standalone tabs]]></phrase>
  <phrase title="style_prop.darkstandaloneTabSelected" version_id="1000600" version_string="1.0.6"><![CDATA[Standalone tabs - selected tab]]></phrase>
  <phrase title="style_prop.darksubnavigationrow" version_id="1000400" version_string="1.0.4"><![CDATA[Sub-navigation row]]></phrase>
  <phrase title="style_prop.darktext" version_id="1000900" version_string="1.0.9"><![CDATA[Yazı Rengi]]></phrase>
  <phrase title="style_prop.darktextsecond" version_id="1000900" version_string="1.0.9"><![CDATA[İkincil Yazı Rengi]]></phrase>
  <phrase title="style_prop.darkxgtForumIstatistikBaglantiRenk" version_id="1000900" version_string="1.0.9"><![CDATA[Bağlantılar rengi]]></phrase>
  <phrase title="style_prop.darkxgtForumIstatistikFooter" version_id="1000900" version_string="1.0.9"><![CDATA[Footer rengi]]></phrase>
  <phrase title="style_prop.darkxgtForumIstatistikGovdeRenk" version_id="1000900" version_string="1.0.9"><![CDATA[Gövde arka plan rengi]]></phrase>
  <phrase title="style_prop.darkxgtForumIstatistikOn" version_id="1000900" version_string="1.0.9"><![CDATA[[XenGenTr] Forum istatistik eklentisi]]></phrase>
  <phrase title="style_prop.darkxgtForumIstatistikSatir1" version_id="1000900" version_string="1.0.9"><![CDATA[1. Satır rengi]]></phrase>
  <phrase title="style_prop.darkxgtForumIstatistikSatir2" version_id="1000900" version_string="1.0.9"><![CDATA[2. Satır rengi]]></phrase>
  <phrase title="style_prop.darkxgtForumIstatistikSatirSinirRengi" version_id="1000900" version_string="1.0.9"><![CDATA[Sinir rengi]]></phrase>
  <phrase title="style_prop.darkxgtForumIstatistikSayisalRenk" version_id="1000900" version_string="1.0.9"><![CDATA[Sayısal değer rengi]]></phrase>
  <phrase title="style_prop.darkxgtForumIstatistikTabHeader" version_id="1000900" version_string="1.0.9"><![CDATA[Tab header - Renk]]></phrase>
  <phrase title="style_prop.darkxgtForumIstatistikTabHeaderAktif" version_id="1000900" version_string="1.0.9"><![CDATA[Aktif buton - Renk]]></phrase>
  <phrase title="style_prop.darkxgtForumIstatistikTabHeaderAktifBorder" version_id="1000900" version_string="1.0.9"><![CDATA[Alt sınır rengi]]></phrase>
  <phrase title="style_prop.darkxgtForumIstatistikTabHeaderAktifMetin" version_id="1000900" version_string="1.0.9"><![CDATA[Aktif buton - Metin]]></phrase>
  <phrase title="style_prop.darkxgtForumIstatistikTabHeaderMetin" version_id="1000900" version_string="1.0.9"><![CDATA[Metin rengi]]></phrase>
  <phrase title="style_prop.darkxgtForumIstatistikTabHeaderSagBorder" version_id="1000900" version_string="1.0.9"><![CDATA[Sağ sınır rengi]]></phrase>
  <phrase title="style_prop.darkxgtForumIstatistikVurgula" version_id="1000900" version_string="1.0.9"><![CDATA[Vurgu rengi]]></phrase>
  <phrase title="style_prop.darkxgtForumIstatistikVurgulaMetin" version_id="1000900" version_string="1.0.9"><![CDATA[Vurgu metin rengi]]></phrase>
  <phrase title="style_prop.darkxgtForumIstatistik_MiniHeader" version_id="1000900" version_string="1.0.9"><![CDATA[Alt header - Arka plan rengi]]></phrase>
  <phrase title="style_prop.darkxgtForumIstatistik_MiniHeaderMetin" version_id="1000900" version_string="1.0.9"><![CDATA[Alt header metin rengi]]></phrase>
  <phrase title="style_prop.linkhover" version_id="1000900" version_string="1.0.9"><![CDATA[Link Hover]]></phrase>
  <phrase title="style_prop.linkone" version_id="1000900" version_string="1.0.9"><![CDATA[Link]]></phrase>
  <phrase title="style_prop.ms123" version_id="1010000" version_string="1.1.0"><![CDATA[ms123]]></phrase>
  <phrase title="style_prop_desc.darkBorder" version_id="1000900" version_string="1.0.9"><![CDATA[Sınır Rengi ( @xf-darkBorder )]]></phrase>
  <phrase title="style_prop_desc.darkBordertwo" version_id="1000900" version_string="1.0.9"><![CDATA[( @xf-darkBordertwo )]]></phrase>
  <phrase title="style_prop_desc.darkThemeOn" version_id="1000900" version_string="1.0.9"><![CDATA[]]></phrase>
  <phrase title="style_prop_desc.darkbackground" version_id="1010000" version_string="1.1.0"><![CDATA[Sayfa Arkaplan Rengi ( @xf-darkbackground )]]></phrase>
  <phrase title="style_prop_desc.darkbackgroundtree" version_id="1000900" version_string="1.0.9"><![CDATA[İkincil,vurgulanmış arkaplan rengi ( @xf-darkbackgroundtree )]]></phrase>
  <phrase title="style_prop_desc.darkbackgroundtwo" version_id="1000900" version_string="1.0.9"><![CDATA[Tüm içerikler arkaplan rengi ( @xf-darkbackgroundtwo )]]></phrase>
  <phrase title="style_prop_desc.darkbbCodeBlock" version_id="1000800" version_string="1.0.8"><![CDATA[All BB code blocks within messages make use of these styling rules]]></phrase>
  <phrase title="style_prop_desc.darkbbCodeBlockTitle" version_id="1000800" version_string="1.0.8"><![CDATA[Styles the title section of BB code blocks within messages]]></phrase>
  <phrase title="style_prop_desc.darkblockFilterBar" version_id="1000600" version_string="1.0.6"><![CDATA[When the content of a block can be filtered, the controls to do so are styled here]]></phrase>
  <phrase title="style_prop_desc.darkblockLinkSelected" version_id="1000600" version_string="1.0.6"><![CDATA[Styling for block-type links when in their selected state]]></phrase>
  <phrase title="style_prop_desc.darkblockTabHeader" version_id="1000500" version_string="1.0.5"><![CDATA[Occasionally, blocks will have multi-part, tab headers, styled with these settings]]></phrase>
  <phrase title="style_prop_desc.darkblockborderframwork" version_id="1000400" version_string="1.0.4"><![CDATA[Virtually all blocks have their borders styled with these settings]]></phrase>
  <phrase title="style_prop_desc.darkblockcontent" version_id="1000400" version_string="1.0.4"><![CDATA[Content within blocks that is of less importance than the main content may be styled here]]></phrase>
  <phrase title="style_prop_desc.darkblockfooter" version_id="1000400" version_string="1.0.4"><![CDATA[When information needs to be conveyed in a footer element for a block, its style is controlled here]]></phrase>
  <phrase title="style_prop_desc.darkblockheader" version_id="1000400" version_string="1.0.4"><![CDATA[Blocks often have title bars at their tops, which are styled here]]></phrase>
  <phrase title="style_prop_desc.darkcolor1" version_id="1000900" version_string="1.0.9"><![CDATA[Bu rengi kullanmak için : ( @xf-darkcolor1 )]]></phrase>
  <phrase title="style_prop_desc.darkcolor2" version_id="1000900" version_string="1.0.9"><![CDATA[Bu rengi kullanmak için : ( @xf-darkcolor2 )]]></phrase>
  <phrase title="style_prop_desc.darkcolor3" version_id="1000900" version_string="1.0.9"><![CDATA[Bu rengi kullanmak için : ( @xf-darkcolor3 )]]></phrase>
  <phrase title="style_prop_desc.darkcolor4" version_id="1000900" version_string="1.0.9"><![CDATA[Bu rengi kullanmak için : ( @xf-darkcolor4 )]]></phrase>
  <phrase title="style_prop_desc.darkcolor5" version_id="1000900" version_string="1.0.9"><![CDATA[Bu rengi kullanmak için : ( @xf-darkcolor5 )]]></phrase>
  <phrase title="style_prop_desc.darkcontentBase" version_id="1000600" version_string="1.0.6"><![CDATA[This styling is applied to the background of primary content, such as messages]]></phrase>
  <phrase title="style_prop_desc.darkfooter" version_id="1000400" version_string="1.0.4"><![CDATA[The footer is the primary element that sits below the main content on all public pages]]></phrase>
  <phrase title="style_prop_desc.darkformLabel" version_id="1000400" version_string="1.0.4"><![CDATA[In full-width forms, the left column contains labels for the controls in the right column]]></phrase>
  <phrase title="style_prop_desc.darkformSubmitRow" version_id="1000700" version_string="1.0.7"><![CDATA[At the bottom of most forms is a bar containing the submit button etc.]]></phrase>
  <phrase title="style_prop_desc.darkformsectionheader" version_id="1000400" version_string="1.0.4"><![CDATA[Occasionally, forms are long enough to warrant being divided into sections, with each section headed by an element using these style rules]]></phrase>
  <phrase title="style_prop_desc.darkheaderlogorow" version_id="1000400" version_string="1.0.4"><![CDATA[The header row contains your logo and sits at the top of every public page]]></phrase>
  <phrase title="style_prop_desc.darkinput" version_id="1000500" version_string="1.0.5"><![CDATA[Controls the style of most text-input boxes]]></phrase>
  <phrase title="style_prop_desc.darkmemberHeader" version_id="1000600" version_string="1.0.6"><![CDATA[The member profile page's content header is styled with these settings]]></phrase>
  <phrase title="style_prop_desc.darkmenu" version_id="1000400" version_string="1.0.4"><![CDATA[Controls the main block of all popup menus]]></phrase>
  <phrase title="style_prop_desc.darkmenuFooter" version_id="1000600" version_string="1.0.6"><![CDATA[When a popup menu has a bottom, footer element, it will use these settings]]></phrase>
  <phrase title="style_prop_desc.darkmenuLinkRow" version_id="1000400" version_string="1.0.4"><![CDATA[Styling for link rows within popup menus]]></phrase>
  <phrase title="style_prop_desc.darkmenuLinkRowSelected" version_id="1000400" version_string="1.0.4"><![CDATA[Styling for link rows in menus, when selected or hovered]]></phrase>
  <phrase title="style_prop_desc.darkmenuheader" version_id="1000400" version_string="1.0.4"><![CDATA[Most menus identify themselves with a header just underneath their top border]]></phrase>
  <phrase title="style_prop_desc.darkmenutabheader" version_id="1000400" version_string="1.0.4"><![CDATA[Multi-part, tabbed menu headers use these settings]]></phrase>
  <phrase title="style_prop_desc.darkmessageUserBlock" version_id="1000400" version_string="1.0.4"><![CDATA[Apart from its width, the (left) message user info column is styled here]]></phrase>
  <phrase title="style_prop_desc.darkminorBlockContent" version_id="1000400" version_string="1.0.4"><![CDATA[Content within blocks that is of less importance than the main content may be styled here]]></phrase>
  <phrase title="style_prop_desc.darkmodedarkicon" version_id="1000900" version_string="1.0.9"><![CDATA[Koyu tema iconu = moon]]></phrase>
  <phrase title="style_prop_desc.darkmodelighticon" version_id="1000900" version_string="1.0.9"><![CDATA[Açık tema iconu = sun,lightbulb]]></phrase>
  <phrase title="style_prop_desc.darknavgationrow" version_id="1000400" version_string="1.0.4"><![CDATA[The navigation row sits below the header and contains the primary site navigation tabs and menus]]></phrase>
  <phrase title="style_prop_desc.darknavigationrowselecttab" version_id="1000400" version_string="1.0.4"><![CDATA[Additional styling to apply to navigation tabs when they are selected]]></phrase>
  <phrase title="style_prop_desc.darkoverlayHeader" version_id="1000700" version_string="1.0.7"><![CDATA[Overlays use a header element to identify their contents, styled here]]></phrase>
  <phrase title="style_prop_desc.darkpageBackground" version_id="1000400" version_string="1.0.4"><![CDATA[The page background, behind all block elements, uses the styling rules defined here]]></phrase>
  <phrase title="style_prop_desc.darkpagenav" version_id="1010000" version_string="1.1.0"><![CDATA[]]></phrase>
  <phrase title="style_prop_desc.darkpagenavactive" version_id="1010000" version_string="1.1.0"><![CDATA[PageNav button / pagenavdaki sayfa değiştirme butonları]]></phrase>
  <phrase title="style_prop_desc.darkpagenavhover" version_id="1010000" version_string="1.1.0"><![CDATA[]]></phrase>
  <phrase title="style_prop_desc.darkpagenavjump" version_id="1010000" version_string="1.1.0"><![CDATA[]]></phrase>
  <phrase title="style_prop_desc.darkpagenavjumphover" version_id="1010000" version_string="1.1.0"><![CDATA[]]></phrase>
  <phrase title="style_prop_desc.darkpublicHeaderAdjustColor" version_id="1000800" version_string="1.0.8"><![CDATA[Üst menüdeki kullanıcı bölümü mesajlar / bildirimler / kullanıcı profil kısmı]]></phrase>
  <phrase title="style_prop_desc.darkpublicStaffBar" version_id="1000500" version_string="1.0.5"><![CDATA[Visible only to staff, the staff tools bar sits above the header and contains items such as reported content, the moderation queue...]]></phrase>
  <phrase title="style_prop_desc.darkstandaloneTab" version_id="1000600" version_string="1.0.6"><![CDATA[Tabs that are not part of block headers are styled here]]></phrase>
  <phrase title="style_prop_desc.darkstandaloneTabSelected" version_id="1000600" version_string="1.0.6"><![CDATA[The selected tab in groups that are not part of block headers]]></phrase>
  <phrase title="style_prop_desc.darksubnavigationrow" version_id="1000400" version_string="1.0.4"><![CDATA[Below the main navigation row, this row shows content associated with the selected main navigation tab]]></phrase>
  <phrase title="style_prop_desc.darktext" version_id="1000900" version_string="1.0.9"><![CDATA[yazı rengi ( @xf-darktext )]]></phrase>
  <phrase title="style_prop_desc.darktextsecond" version_id="1000900" version_string="1.0.9"><![CDATA[soluk yazı rengi ( @xf-darktextsecond )]]></phrase>
  <phrase title="style_prop_desc.darkxgtForumIstatistikBaglantiRenk" version_id="1000900" version_string="1.0.9"><![CDATA[İstatistik veriler içindeki tüm bağlantıların rengi.]]></phrase>
  <phrase title="style_prop_desc.darkxgtForumIstatistikFooter" version_id="1000900" version_string="1.0.9"><![CDATA[]]></phrase>
  <phrase title="style_prop_desc.darkxgtForumIstatistikGovdeRenk" version_id="1000900" version_string="1.0.9"><![CDATA[]]></phrase>
  <phrase title="style_prop_desc.darkxgtForumIstatistikOn" version_id="1000900" version_string="1.0.9"><![CDATA[]]></phrase>
  <phrase title="style_prop_desc.darkxgtForumIstatistikSatir1" version_id="1000900" version_string="1.0.9"><![CDATA[]]></phrase>
  <phrase title="style_prop_desc.darkxgtForumIstatistikSatir2" version_id="1000900" version_string="1.0.9"><![CDATA[]]></phrase>
  <phrase title="style_prop_desc.darkxgtForumIstatistikSatirSinirRengi" version_id="1000900" version_string="1.0.9"><![CDATA[]]></phrase>
  <phrase title="style_prop_desc.darkxgtForumIstatistikSayisalRenk" version_id="1000900" version_string="1.0.9"><![CDATA[]]></phrase>
  <phrase title="style_prop_desc.darkxgtForumIstatistikTabHeader" version_id="1000900" version_string="1.0.9"><![CDATA[]]></phrase>
  <phrase title="style_prop_desc.darkxgtForumIstatistikTabHeaderAktif" version_id="1000900" version_string="1.0.9"><![CDATA[]]></phrase>
  <phrase title="style_prop_desc.darkxgtForumIstatistikTabHeaderAktifBorder" version_id="1000900" version_string="1.0.9"><![CDATA[]]></phrase>
  <phrase title="style_prop_desc.darkxgtForumIstatistikTabHeaderAktifMetin" version_id="1000900" version_string="1.0.9"><![CDATA[]]></phrase>
  <phrase title="style_prop_desc.darkxgtForumIstatistikTabHeaderMetin" version_id="1000900" version_string="1.0.9"><![CDATA[]]></phrase>
  <phrase title="style_prop_desc.darkxgtForumIstatistikTabHeaderSagBorder" version_id="1000900" version_string="1.0.9"><![CDATA[]]></phrase>
  <phrase title="style_prop_desc.darkxgtForumIstatistikVurgula" version_id="1000900" version_string="1.0.9"><![CDATA[]]></phrase>
  <phrase title="style_prop_desc.darkxgtForumIstatistikVurgulaMetin" version_id="1000900" version_string="1.0.9"><![CDATA[]]></phrase>
  <phrase title="style_prop_desc.darkxgtForumIstatistik_MiniHeader" version_id="1000900" version_string="1.0.9"><![CDATA[]]></phrase>
  <phrase title="style_prop_desc.darkxgtForumIstatistik_MiniHeaderMetin" version_id="1000900" version_string="1.0.9"><![CDATA[]]></phrase>
  <phrase title="style_prop_desc.linkhover" version_id="1000900" version_string="1.0.9"><![CDATA[Link Hover ( @xf-linkhover )]]></phrase>
  <phrase title="style_prop_desc.linkone" version_id="1000900" version_string="1.0.9"><![CDATA[Link Rengi  ( @xf-linkone )]]></phrase>
  <phrase title="style_prop_desc.ms123" version_id="1010000" version_string="1.1.0"><![CDATA[]]></phrase>
  <phrase title="style_prop_group.darkcolorpalette" version_id="1000900" version_string="1.0.9"><![CDATA[[MS] - Dark Mode / Koyu Tema Modu - Settings & Color Palette]]></phrase>
  <phrase title="style_prop_group.darkcontent" version_id="1000900" version_string="1.0.9"><![CDATA[[MS] - Dark Mode / Koyu Tema Modu - Xenforo Content]]></phrase>
  <phrase title="style_prop_group.darkxgtforum" version_id="1000900" version_string="1.0.9"><![CDATA[[MS] - Dark Mode / Koyu Tema Modu - [XenGenTr] Forum istatistik]]></phrase>
  <phrase title="style_prop_group_desc.darkcolorpalette" version_id="1000900" version_string="1.0.9"><![CDATA[Bu alandan Dark Mode / Koyu Tema Modu renk ayarları yapılandırabilirsiniz.]]></phrase>
  <phrase title="style_prop_group_desc.darkcontent" version_id="1000900" version_string="1.0.9"><![CDATA[Bu alandan xenforo default ayarlarını dark moda uyarlaya bilirsiniz.]]></phrase>
  <phrase title="style_prop_group_desc.darkxgtforum" version_id="1000900" version_string="1.0.9"><![CDATA[Bu alandan Dark Mode / Koyu Tema Modu nu [XenGenTr] Forum istatistik uyarlayabilirsiniz.]]></phrase>
</phrases>
