<?xml version="1.0" encoding="utf-8"?>
<style_properties>
  <style_property property_name="darkBorder" group_name="darkcolorpalette" title="Sınır Rengi" description="Sınır Rengi ( @xf-darkBorder )" property_type="value" value_type="color" value_group="renk" display_order="25">
    <value>"rgba(188,222,245,0.15)"</value>
  </style_property>
  <style_property property_name="darkBordertwo" group_name="darkcolorpalette" title="Aktif Rengi" description="( @xf-darkBordertwo )" property_type="value" value_type="color" value_group="renk" display_order="26">
    <value>"rgb(36, 158, 251)"</value>
  </style_property>
  <style_property property_name="darkThemeOn" group_name="darkcolorpalette" title="Koyu Tema Aktif" property_type="value" value_type="boolean" value_group="Ayar" display_order="0">
    <value>1</value>
  </style_property>
  <style_property property_name="darkbackground" group_name="darkcolorpalette" title="Arkaplan Rengi" description="Sayfa Arkaplan Rengi ( @xf-darkbackground )" property_type="value" value_type="color" value_group="KoyuRenkler" display_order="10">
    <value>"rgb(32, 33, 36)"</value>
  </style_property>
  <style_property property_name="darkbackgroundtree" group_name="darkcolorpalette" title="Vurgulanmış İçerik Arkaplan Rengi" description="İkincil,vurgulanmış arkaplan rengi ( @xf-darkbackgroundtree )" property_type="value" value_type="color" value_group="KoyuRenkler" display_order="12">
    <value>"rgb(48, 49, 52)"</value>
  </style_property>
  <style_property property_name="darkbackgroundtwo" group_name="darkcolorpalette" title="Tüm İçerik Arkaplan Rengi" description="Tüm içerikler arkaplan rengi ( @xf-darkbackgroundtwo )" property_type="value" value_type="color" value_group="KoyuRenkler" display_order="11">
    <value>"rgb(23, 23, 23)"</value>
  </style_property>
  <style_property property_name="darkbbCodeBlock" group_name="darkcontent" title="BB code blocks" description="All BB code blocks within messages make use of these styling rules" property_type="css" display_order="3090" css_components="text,background,border">
    <value>{
    "background-color": "@xf-darkbackground",
    "border-color": "@xf-darkBorder",
    "border-left-width": "@xf-borderSizeFeature",
    "border-left-color": "@xf-borderColorAttention"
}</value>
  </style_property>
  <style_property property_name="darkbbCodeBlockTitle" group_name="darkcontent" title="BB code blocks - title" description="Styles the title section of BB code blocks within messages" property_type="css" display_order="3091" css_components="text,background,border">
    <value>{
    "background-color": "xf-diminish(@xf-darkbackground, 2%)"
}</value>
  </style_property>
  <style_property property_name="darkblockFilterBar" group_name="darkcontent" title="Block filter bar" description="When the content of a block can be filtered, the controls to do so are styled here" property_type="css" display_order="3015" css_components="text,background,border">
    <value>{
    "background-color": "mix(@xf-darkBorder, @xf-darkbackgroundtree)",
    "border-bottom-color": "@xf-darkBorder"
}</value>
  </style_property>
  <style_property property_name="darkblockLinkSelected" group_name="darkcontent" title="Block link - selected" description="Styling for block-type links when in their selected state" property_type="css" display_order="3080" css_components="text,background,border_color_simple">
    <value>{
    "color": "@xf-textColorFeature",
    "background-color": "mix(@xf-darkBorder, @xf-darkbackgroundtree)"
}</value>
  </style_property>
  <style_property property_name="darkblockTabHeader" group_name="darkcontent" title="Block tab header" description="Occasionally, blocks will have multi-part, tab headers, styled with these settings" property_type="css" display_order="3012" css_components="text,background,border">
    <value>{
    "background-color": "@xf-linkHoverColor",
    "border-bottom-color": "@xf-darkBorder"
}</value>
  </style_property>
  <style_property property_name="darkblockborderframwork" group_name="darkcontent" title="Block border framework" description="Virtually all blocks have their borders styled with these settings" property_type="css" display_order="3011" css_components="border_color_simple,extra">
    <value>{
    "border-color": "@xf-darkBorder"
}</value>
  </style_property>
  <style_property property_name="darkblockcontent" group_name="darkcontent" title="Block content" description="Content within blocks that is of less importance than the main content may be styled here" property_type="css" display_order="3013" css_components="text,background,extra">
    <value>{
    "color": "@xf-darktext",
    "background-color": "@xf-darkbackgroundtree"
}</value>
  </style_property>
  <style_property property_name="darkblockfooter" group_name="darkcontent" title="Block footer" description="When information needs to be conveyed in a footer element for a block, its style is controlled here" property_type="css" display_order="3014" css_components="text,background,border,extra">
    <value>{
    "color": "@xf-darktextsecond",
    "background-color": "@xf-darkbackgroundtree",
    "border-top-color": "@xf-darkBorder"
}</value>
  </style_property>
  <style_property property_name="darkblockheader" group_name="darkcontent" title="Block header" description="Blocks often have title bars at their tops, which are styled here" property_type="css" display_order="3012" css_components="text,background,border,border_radius,extra">
    <value>{
    "background-color": "mix(@xf-darkbackgroundtree, @xf-darkbackground)",
    "border-bottom-color": "@xf-darkBorder"
}</value>
  </style_property>
  <style_property property_name="darkcolor1" group_name="darkcolorpalette" title="Dark Color 1" description="Bu rengi kullanmak için : ( @xf-darkcolor1 )" property_type="value" value_type="color" value_group="KoyuRenkler" display_order="13">
    <value>""</value>
  </style_property>
  <style_property property_name="darkcolor2" group_name="darkcolorpalette" title="Dark Color 2" description="Bu rengi kullanmak için : ( @xf-darkcolor2 )" property_type="value" value_type="color" value_group="KoyuRenkler" display_order="14">
    <value>""</value>
  </style_property>
  <style_property property_name="darkcolor3" group_name="darkcolorpalette" title="Dark Color 3" description="Bu rengi kullanmak için : ( @xf-darkcolor3 )" property_type="value" value_type="color" value_group="KoyuRenkler" display_order="15">
    <value>""</value>
  </style_property>
  <style_property property_name="darkcolor4" group_name="darkcolorpalette" title="Dark Color 4" description="Bu rengi kullanmak için : ( @xf-darkcolor4 )" property_type="value" value_type="color" value_group="KoyuRenkler" display_order="16">
    <value>""</value>
  </style_property>
  <style_property property_name="darkcolor5" group_name="darkcolorpalette" title="Dark Color 5" description="Bu rengi kullanmak için : ( @xf-darkcolor5 )" property_type="value" value_type="color" value_group="KoyuRenkler" display_order="17">
    <value>""</value>
  </style_property>
  <style_property property_name="darkcontentBase" group_name="darkcontent" title="Content area base" description="This styling is applied to the background of primary content, such as messages" property_type="css" display_order="3041" css_components="text,background">
    <value>{
    "color": "@xf-darktextsecond",
    "background-color": "@xf-darkbackgroundtree"
}</value>
  </style_property>
  <style_property property_name="darkfooter" group_name="darkcontent" title="Footer" description="The footer is the primary element that sits below the main content on all public pages" property_type="css" display_order="4000" css_components="text,background,extra">
    <value>{
    "color": "@xf-darktext",
    "background-color": "@xf-darkbackgroundtwo"
}</value>
  </style_property>
  <style_property property_name="darkformLabel" group_name="darkcontent" title="Form label column" description="In full-width forms, the left column contains labels for the controls in the right column" property_type="css" display_order="3021" css_components="text,background,border_color_simple">
    <value>{
    "background-color": "mix(@xf-darkBorder, @xf-darkbackgroundtree)",
    "border-color": "@xf-darkBorder"
}</value>
  </style_property>
  <style_property property_name="darkformSubmitRow" group_name="darkcontent" title="Form submit row" description="At the bottom of most forms is a bar containing the submit button etc." property_type="css" display_order="3061" css_components="text,background,border">
    <value>{
    "background-color": "mix(@xf-darkBorder, @xf-darkbackgroundtree)"
}</value>
  </style_property>
  <style_property property_name="darkformsectionheader" group_name="darkcontent" title="Form section header" description="Occasionally, forms are long enough to warrant being divided into sections, with each section headed by an element using these style rules" property_type="css" display_order="3020" css_components="text,background,border,extra">
    <value>{
    "background-color": "@xf-darkbackgroundtwo",
    "border-top-color": "@xf-darkBorder",
    "border-bottom-color": "@xf-darkBorder"
}</value>
  </style_property>
  <style_property property_name="darkheaderlogorow" group_name="darkcontent" title="Header/logo row" description="The header row contains your logo and sits at the top of every public page" property_type="css" display_order="3000" css_components="text,background,extra">
    <value>{
    "background-color": "@xf-darkbackgroundtwo"
}</value>
  </style_property>
  <style_property property_name="darkinput" group_name="darkcontent" title="Form input" description="Controls the style of most text-input boxes" property_type="css" display_order="3060" css_components="text,background,border_color_simple,extra">
    <value>{
    "color": "@xf-contentBg",
    "background-color": "@xf-darkbackground",
    "border-color": "@xf-darkBorder"
}</value>
  </style_property>
  <style_property property_name="darkmemberHeader" group_name="darkcontent" title="Member profile header" description="The member profile page's content header is styled with these settings" property_type="css" display_order="3070" css_components="text,background,border">
    <value>{
    "background-color": "mix(@xf-darkBorder, @xf-darkbackgroundtree)",
    "border-bottom-color": "@xf-darkBorder"
}</value>
  </style_property>
  <style_property property_name="darkmenu" group_name="darkcontent" title="Menu" description="Controls the main block of all popup menus" property_type="css" display_order="3030" css_components="text,background">
    <value>{
    "color": "@xf-darktextsecond",
    "background-color": "@xf-darkbackground"
}</value>
  </style_property>
  <style_property property_name="darkmenuFooter" group_name="darkcontent" title="Menu footer" description="When a popup menu has a bottom, footer element, it will use these settings" property_type="css" display_order="3036" css_components="text,background,border,extra">
    <value>{
    "color": "@xf-darktext",
    "background-color": "@xf-darkbackgroundtree",
    "border-top-color": "@xf-darkBorder"
}</value>
  </style_property>
  <style_property property_name="darkmenuLinkRow" group_name="darkcontent" title="Menu link row" description="Styling for link rows within popup menus" property_type="css" display_order="3034" css_components="text">
    <value>{
    "color": "@xf-darktextsecond"
}</value>
  </style_property>
  <style_property property_name="darkmenuLinkRowSelected" group_name="darkcontent" title="Menu link row - selected" description="Styling for link rows in menus, when selected or hovered" property_type="css" display_order="3033" css_components="text,background">
    <value>{
    "color": "@xf-contentBg",
    "background-color": "@xf-darkbackgroundtree"
}</value>
  </style_property>
  <style_property property_name="darkmenuheader" group_name="darkcontent" title="Menu header" description="Most menus identify themselves with a header just underneath their top border" property_type="css" display_order="3031" css_components="text,background,border,extra">
    <value>{
    "color": "@xf-darktextsecond",
    "background-color": "mix(@xf-darkbackgroundtree, @xf-darkbackground)",
    "border-bottom-color": "@xf-darkBorder"
}</value>
  </style_property>
  <style_property property_name="darkmenutabheader" group_name="darkcontent" title="Menu tab header" description="Multi-part, tabbed menu headers use these settings" property_type="css" display_order="3032" css_components="text,background,border">
    <value>{
    "color": "@xf-darktextsecond",
    "background-color": "mix(@xf-darkbackgroundtree, @xf-darkbackground)",
    "border-bottom-color": "@xf-darkBorder"
}</value>
  </style_property>
  <style_property property_name="darkmessageUserBlock" group_name="darkcontent" title="Message user info block" description="Apart from its width, the (left) message user info column is styled here" property_type="css" display_order="3040" css_components="text,background,border_color_simple">
    <value>{
    "color": "@xf-darktextsecond",
    "background-color": "mix(@xf-darkBorder, @xf-darkbackgroundtree)",
    "border-color": "@xf-darkBorder"
}</value>
  </style_property>
  <style_property property_name="darkminorBlockContent" group_name="darkcontent" title="Minor internal block content" description="Content within blocks that is of less importance than the main content may be styled here" property_type="css" display_order="3035" css_components="text,background,border">
    <value>{
    "color": "@xf-darktextsecond",
    "background-color": "@xf-darkbackground",
    "border-top-color": "@xf-darkBorder",
    "border-right-color": "@xf-darkBorder",
    "border-bottom-color": "@xf-darkBorder",
    "border-left-color": "@xf-linkColor"
}</value>
  </style_property>
  <style_property property_name="darkmodedarkicon" group_name="darkcolorpalette" title="Dark mode icon" description="Koyu tema iconu = moon" property_type="value" value_type="string" value_group="Ayar" display_order="2">
    <value>"moon"</value>
  </style_property>
  <style_property property_name="darkmodelighticon" group_name="darkcolorpalette" title="Light İcon" description="Açık tema iconu = sun,lightbulb" property_type="value" value_type="string" value_group="Ayar" display_order="3">
    <value>"lightbulb"</value>
  </style_property>
  <style_property property_name="darknavgationrow" group_name="darkcontent" title="Navigation row" description="The navigation row sits below the header and contains the primary site navigation tabs and menus" property_type="css" display_order="3001" css_components="text,background,extra">
    <value>{
    "background-color": "@xf-darkbackgroundtwo"
}</value>
  </style_property>
  <style_property property_name="darknavigationrowselecttab" group_name="darkcontent" title="Navigation row - selected tab" description="Additional styling to apply to navigation tabs when they are selected" property_type="css" display_order="3002" css_components="text,background,border,border_radius,extra">
    <value>{
    "background-color": "@xf-darkbackgroundtree"
}</value>
  </style_property>
  <style_property property_name="darkoverlayHeader" group_name="darkcontent" title="Overlay header" description="Overlays use a header element to identify their contents, styled here" property_type="css" display_order="3069" css_components="text,background,border">
    <value>{
    "background-color": "mix(@xf-darkbackgroundtree, @xf-darkbackground)"
}</value>
  </style_property>
  <style_property property_name="darkpageBackground" group_name="darkcontent" title="Page background" description="The page background, behind all block elements, uses the styling rules defined here" property_type="css" display_order="3010" css_components="text,background">
    <value>{
    "color": "@xf-darktext",
    "background-color": "@xf-darkbackground"
}</value>
  </style_property>
  <style_property property_name="darkpagenav" group_name="darkcontent" title="PageNav" property_type="css" display_order="3103" css_components="text,background,border_color_simple,extra">
    <value>{
    "color": "@xf-darktextsecond",
    "background-color": "@xf-darkbackgroundtree",
    "border-color": "@xf-darkBorder"
}</value>
  </style_property>
  <style_property property_name="darkpagenavactive" group_name="darkcontent" title="PageNav - active" description="PageNav button / pagenavdaki sayfa değiştirme butonları" property_type="css" display_order="3105" css_components="text,background,border_color_simple">
    <value>{
    "color": "@xf-darktext",
    "background-color": "@xf-textColorDimmed",
    "border-color": "@xf-darkBorder"
}</value>
  </style_property>
  <style_property property_name="darkpagenavhover" group_name="darkcontent" title="PageNav - hover" property_type="css" display_order="3107" css_components="text,background">
    <value>{
    "background-color": "xf-intensify(@xf-textColorDimmed, 5%)"
}</value>
  </style_property>
  <style_property property_name="darkpagenavjump" group_name="darkcontent" title="PageNav jump" property_type="css" display_order="3110" css_components="text,background,border_color_simple">
    <value>{
    "color": "@xf-darktextsecond",
    "background-color": "@xf-darkbackgroundtree",
    "border-color": "@xf-darkBorder"
}</value>
  </style_property>
  <style_property property_name="darkpagenavjumphover" group_name="darkcontent" title="PageNav jump - hover" property_type="css" display_order="3111" css_components="text,background">
    <value>{
    "color": "@xf-darktext",
    "background-color": "xf-intensify(@xf-darkbackgroundtree, 5%)"
}</value>
  </style_property>
  <style_property property_name="darkpublicHeaderAdjustColor" group_name="darkcontent" title="Header adjustment color" description="Üst menüdeki kullanıcı bölümü mesajlar / bildirimler / kullanıcı profil kısmı" property_type="value" value_type="color" value_group="Ekstra" display_order="2999">
    <value>"xf-intensify(@xf-darkbackgroundtree, 5%)"</value>
  </style_property>
  <style_property property_name="darkpublicStaffBar" group_name="darkcontent" title="Staff tools bar" description="Visible only to staff, the staff tools bar sits above the header and contains items such as reported content, the moderation queue..." property_type="css" display_order="3004" css_components="text,background,border,extra">
    <value>{
    "background-color": "@xf-darkbackground"
}</value>
  </style_property>
  <style_property property_name="darkstandaloneTab" group_name="darkcontent" title="Standalone tabs" description="Tabs that are not part of block headers are styled here" property_type="css" display_order="3050" css_components="text,background,border_color_simple">
    <value>{
    "background-color": "@xf-darkbackgroundtree",
    "border-color": "@xf-darkBorder"
}</value>
  </style_property>
  <style_property property_name="darkstandaloneTabSelected" group_name="darkcontent" title="Standalone tabs - selected tab" description="The selected tab in groups that are not part of block headers" property_type="css" display_order="3051" css_components="text,background,border_color_simple">
    <value>{
    "color": "@xf-textColorFeature",
    "border-color": "@xf-borderColorFeature"
}</value>
  </style_property>
  <style_property property_name="darksubnavigationrow" group_name="darkcontent" title="Sub-navigation row" description="Below the main navigation row, this row shows content associated with the selected main navigation tab" property_type="css" display_order="3003" css_components="text,background,border,extra">
    <value>{
    "background-color": "@xf-darkbackgroundtree",
    "border-bottom-color": "@xf-darkBorder"
}</value>
  </style_property>
  <style_property property_name="darktext" group_name="darkcolorpalette" title="Yazı Rengi" description="yazı rengi ( @xf-darktext )" property_type="value" value_type="color" value_group="renk" display_order="27">
    <value>"lighten(#999,30%)"</value>
  </style_property>
  <style_property property_name="darktextsecond" group_name="darkcolorpalette" title="İkincil Yazı Rengi" description="soluk yazı rengi ( @xf-darktextsecond )" property_type="value" value_type="color" value_group="renk" display_order="28">
    <value>"#999"</value>
  </style_property>
  <style_property property_name="darkxgtForumIstatistikBaglantiRenk" group_name="darkxgtforum" title="Bağlantılar rengi" description="İstatistik veriler içindeki tüm bağlantıların rengi." property_type="value" value_type="color" value_group="GenelTasarim" display_order="11">
    <value>"@xf-linkone"</value>
  </style_property>
  <style_property property_name="darkxgtForumIstatistikFooter" group_name="darkxgtforum" title="Footer rengi" property_type="value" value_type="color" value_group="FooterTasarimi" display_order="50">
    <value>"@xf-darkbackgroundtree"</value>
  </style_property>
  <style_property property_name="darkxgtForumIstatistikGovdeRenk" group_name="darkxgtforum" title="Gövde arka plan rengi" property_type="value" value_type="color" value_group="GenelTasarim" display_order="10">
    <value>"@xf-darkbackground"</value>
  </style_property>
  <style_property property_name="darkxgtForumIstatistikOn" group_name="darkcolorpalette" title="[XenGenTr] Forum istatistik eklentisi" property_type="value" value_type="boolean" value_group="Ayar" display_order="1">
    <value>1</value>
  </style_property>
  <style_property property_name="darkxgtForumIstatistikSatir1" group_name="darkxgtforum" title="1. Satır rengi" property_type="value" value_type="color" value_group="SatirOzellestirme" display_order="20">
    <value>"xf-intensify(@xf-darkbackgroundtree, 3%)"</value>
  </style_property>
  <style_property property_name="darkxgtForumIstatistikSatir2" group_name="darkxgtforum" title="2. Satır rengi" property_type="value" value_type="color" value_group="SatirOzellestirme" display_order="21">
    <value>"@xf-darkbackgroundtree"</value>
  </style_property>
  <style_property property_name="darkxgtForumIstatistikSatirSinirRengi" group_name="darkxgtforum" title="Sinir rengi" property_type="value" value_type="color" value_group="SatirOzellestirme" display_order="22">
    <value>"@xf-darkBorder"</value>
  </style_property>
  <style_property property_name="darkxgtForumIstatistikSayisalRenk" group_name="darkxgtforum" title="Sayısal değer rengi" property_type="value" value_type="color" value_group="GenelTasarim" display_order="12">
    <value>"@xf-darktextsecond"</value>
  </style_property>
  <style_property property_name="darkxgtForumIstatistikTabHeader" group_name="darkxgtforum" title="Tab header - Renk" property_type="value" value_type="color" value_group="TabHeaderTasarimi" display_order="31">
    <value>"@xf-darkbackgroundtree"</value>
  </style_property>
  <style_property property_name="darkxgtForumIstatistikTabHeaderAktif" group_name="darkxgtforum" title="Aktif buton - Renk" property_type="value" value_type="color" value_group="TabHeaderTasarimi" display_order="32">
    <value>"mix(@xf-darkBorder, @xf-darkbackgroundtree)"</value>
  </style_property>
  <style_property property_name="darkxgtForumIstatistikTabHeaderAktifBorder" group_name="darkxgtforum" title="Alt sınır rengi" property_type="value" value_type="color" value_group="TabHeaderTasarimi" display_order="35">
    <value>"@xf-darktextsecond"</value>
  </style_property>
  <style_property property_name="darkxgtForumIstatistikTabHeaderAktifMetin" group_name="darkxgtforum" title="Aktif buton - Metin" property_type="value" value_type="color" value_group="TabHeaderTasarimi" display_order="34">
    <value>"@xf-darktext"</value>
  </style_property>
  <style_property property_name="darkxgtForumIstatistikTabHeaderMetin" group_name="darkxgtforum" title="Metin rengi" property_type="value" value_type="color" value_group="TabHeaderTasarimi" display_order="30">
    <value>"@xf-darktextsecond"</value>
  </style_property>
  <style_property property_name="darkxgtForumIstatistikTabHeaderSagBorder" group_name="darkxgtforum" title="Sağ sınır rengi" property_type="value" value_type="color" value_group="TabHeaderTasarimi" display_order="36">
    <value>"@xf-darkBorder"</value>
  </style_property>
  <style_property property_name="darkxgtForumIstatistikVurgula" group_name="darkxgtforum" title="Vurgu rengi" property_type="value" value_type="color" value_group="SatirOzellestirme" display_order="23">
    <value>"@xf-darktextsecond"</value>
  </style_property>
  <style_property property_name="darkxgtForumIstatistikVurgulaMetin" group_name="darkxgtforum" title="Vurgu metin rengi" property_type="value" value_type="color" value_group="SatirOzellestirme" display_order="24">
    <value>"@xf-darktext"</value>
  </style_property>
  <style_property property_name="darkxgtForumIstatistik_MiniHeader" group_name="darkxgtforum" title="Alt header - Arka plan rengi" property_type="value" value_type="color" value_group="AltHeaderTasarimi" display_order="40">
    <value>"mix(@xf-darkBorder, @xf-darkbackgroundtree)"</value>
  </style_property>
  <style_property property_name="darkxgtForumIstatistik_MiniHeaderMetin" group_name="darkxgtforum" title="Alt header metin rengi" property_type="value" value_type="color" value_group="AltHeaderTasarimi" display_order="41">
    <value>"@xf-darktextsecond"</value>
  </style_property>
  <style_property property_name="linkhover" group_name="darkcolorpalette" title="Link Hover" description="Link Hover ( @xf-linkhover )" property_type="value" value_type="color" value_group="renk" display_order="30">
    <value>"@xf-linkHoverColor"</value>
  </style_property>
  <style_property property_name="linkone" group_name="darkcolorpalette" title="Link" description="Link Rengi  ( @xf-linkone )" property_type="value" value_type="color" value_group="renk" display_order="29">
    <value>"@xf-linkColor"</value>
  </style_property>
  <style_property property_name="ms123" group_name="palette" title="ms123" property_type="value" value_type="color" display_order="123123123">
    <value>"rgb(224, 28, 28)"</value>
  </style_property>
</style_properties>
