<?xml version="1.0" encoding="utf-8"?>
<template_modifications>
  <modification type="public" template="PAGE_CONTAINER" modification_key="darkmodebutton" execution_order="10" enabled="1" action="str_replace">
    <find><![CDATA[<div class="p-nav-opposite">
				<div class="p-navgroup p-account {{ $xf.visitor.user_id ? 'p-navgroup--member' : 'p-navgroup--guest' }}">]]></find>
    <replace><![CDATA[$0
<xf:if is="property('darkThemeOn')">
<div id="dark-mode-button" class="p-navgroup-link">
    <input id="darkmode" type="checkbox">
    <label for="darkmode" title="Gece/Gündüz modu"></label>
</div>
</xf:if>]]></replace>
  </modification>
  <modification type="public" template="PAGE_CONTAINER" modification_key="ms_darkmode_css" execution_order="10" enabled="1" action="str_replace">
    <find><![CDATA[</head>]]></find>
    <replace><![CDATA[<xf:css src="extradark.less"/>
<xf:if is="property('darkxgtForumIstatistikOn')">
<xf:css src="extradarkxgt.less"/>
</xf:if>
$0]]></replace>
  </modification>
  <modification type="public" template="helper_js_global" modification_key="darkmodelocalstroe" execution_order="10" enabled="1" action="str_replace">
    <find><![CDATA[	<form style="display:none" hidden="hidden">
		<input type="text" name="_xfClientLoadTime" value="" id="_xfClientLoadTime" title="_xfClientLoadTime" tabindex="-1" />
	</form>]]></find>
    <replace><![CDATA[$0
<script>
const toggleSwitch = document.querySelector('#dark-mode-button input[type="checkbox"]');

if (localStorage.theme) {
  toggleSwitch.checked = localStorage.theme === "dark";
}

function switchTheme(e) {
  const theme = e.target.checked ? "dark" : "light";
  document.documentElement.setAttribute("data-theme", theme);
  localStorage.theme = theme;
}

toggleSwitch.addEventListener("change", switchTheme); 
</script>]]></replace>
  </modification>
  <modification type="public" template="helper_js_global" modification_key="darkmodes" execution_order="10" enabled="1" action="str_replace">
    <find><![CDATA[<xf:set var="$cssUrls" value="{{ ['public:normalize.css', 'public:fa.css', 'public:core.less', $app . ':app.less'] }}" />]]></find>
    <replace><![CDATA[$0
<script>
if (localStorage.theme) document.documentElement.setAttribute("data-theme", localStorage.theme);
</script>]]></replace>
  </modification>
</template_modifications>
